"","ART_NUM","ART_START","ART_END","WORDS","DATE"
"1",1,15,45,774,18305
"2",2,46,80,765,18305
"3",3,81,105,318,18305
"4",4,106,176,2490,18319
"5",5,177,201,372,18319
"6",6,202,238,471,18319
"7",7,239,275,734,18319
"8",8,276,342,1723,18319
"9",9,343,367,372,18319
"10",10,368,429,1222,18319
"11",11,430,461,653,18334
"12",12,462,519,1684,18334
"13",13,520,555,776,18334
"14",14,556,577,135,18334
"15",15,578,609,673,18334
"16",16,610,625,163,18348
"17",17,626,647,270,18348
"18",18,648,699,1690,18348
"19",19,700,719,236,18348
"20",20,720,769,1669,18348
"21",21,770,827,1452,18348
"22",22,828,915,2266,18348
"23",23,916,937,243,18362
"24",24,938,963,480,18362
"25",25,964,997,615,18369
"26",26,998,1031,615,18369
"27",27,1032,1079,1267,18369
"28",28,1080,1159,2262,18369
"29",29,1160,1191,477,18369
"30",30,1192,1239,1106,18369
"31",31,1240,1271,477,18369
"32",32,1272,1323,1750,18369
"33",33,1324,1399,2211,18369
"34",34,1400,1447,1106,18369
"35",35,1448,1504,1335,18376
"36",36,1505,1560,1447,18376
"37",37,1561,1630,2006,18376
"38",38,1631,1672,884,18376
"39",39,1673,1770,1947,18376
"40",40,1771,1792,215,18376
"41",41,1793,1810,50,18378
"42",42,1811,1881,447,18390
"43",43,1882,1943,1878,18390
"44",44,1944,1971,472,18390
"45",45,1972,2024,1015,18404
"46",46,2025,2064,848,18404
"47",47,2065,2112,1460,18404
"48",48,2113,2158,1461,18404
"49",49,2159,2176,117,18405
"50",50,2177,2194,62,18405
"51",51,2195,2216,160,18418
"52",52,2217,2246,638,18418
"53",53,2247,2298,1579,18418
"54",54,2299,2332,823,18418
"55",55,2333,2434,2036,18418
"56",56,2435,2470,604,18432
"57",57,2471,2525,1141,18432
"58",58,2526,2581,1233,18432
"59",59,2582,2645,1757,18432
"60",60,2646,2665,427,18432
"61",61,2666,2717,1145,18432
"62",62,2718,2771,1233,18432
"63",63,2772,2837,1983,18432
"64",64,2838,2913,1827,18446
"65",65,2914,2959,1870,18446
"66",66,2960,3003,1109,18446
"67",67,3004,3033,644,18446
"68",68,3034,3109,1811,18446
"69",69,3110,3147,706,18446
"70",70,3148,3195,1802,18446
"71",71,3196,3224,422,18467
"72",72,3225,3251,374,18467
"73",73,3252,3282,459,18467
"74",74,3283,3311,552,18467
"75",75,3312,3360,1119,18467
"76",76,3361,3409,1038,18467
"77",77,3410,3444,722,18467
"78",78,3445,3485,804,18467
"79",79,3486,3522,776,18467
"80",80,3523,3595,1550,18467
"81",81,3596,3642,1411,18467
"82",82,3643,3707,2759,18467
"83",83,3708,3734,315,18467
"84",84,3735,3773,940,18467
"85",85,3774,3810,675,18467
"86",86,3811,3847,737,18467
"87",87,3848,3882,685,18467
"88",88,3883,3915,514,18467
"89",89,3916,3964,1121,18467
"90",90,3965,4010,606,18467
"91",91,4011,4048,616,18488
"92",92,4049,4142,3010,18488
"93",93,4143,4162,121,18505
"94",94,4163,4202,788,18509
"95",95,4203,4288,1027,18509
"96",96,4289,4363,1192,18523
"97",97,4364,4403,792,18523
"98",98,4404,4425,237,18535
"99",99,4426,4463,883,18537
"100",100,4464,4521,1356,18537
"101",101,4522,4549,384,18537
"102",102,4550,4585,873,18537
"103",103,4586,4637,1329,18551
"104",104,4638,4667,524,18565
"105",105,4668,4713,832,18565
"106",106,4714,4741,594,18565
"107",107,4742,4757,84,18566
"108",108,4758,4781,523,18579
"109",109,4782,4833,1292,18579
"110",110,4834,4889,1353,18579
"111",111,4890,4955,1809,18579
"112",112,4956,4985,584,18593
"113",113,4986,5011,185,18593
"114",114,5012,5053,816,18593
"115",115,5054,5155,1640,18593
"116",116,5156,5205,1310,18593
"117",117,5206,5237,736,18593
"118",118,5238,5267,592,18593
"119",119,5268,5287,347,18600
"120",120,5288,5345,1353,18607
"121",121,5346,5375,480,18621
"122",122,5376,5413,940,18621
"123",123,5414,5461,1317,18621
"124",124,5462,5529,1563,18621
"125",125,5530,5565,695,18621
"126",126,5566,5635,1213,18269
"127",127,5636,5685,1479,18269
"128",128,5686,5703,153,18283
"129",129,5704,5723,202,18283
"130",130,5724,5751,354,18290
"131",131,5752,5789,509,18290
"132",132,5790,5833,1278,18290
"133",133,5834,5867,502,18290
"134",134,5868,5888,266,18290
"135",135,5889,5924,779,18290
"136",136,5925,6102,2434,18290
"137",137,6103,6160,1512,18290
"138",138,6161,6198,1034,18304
"139",139,6199,6230,619,18318
"140",140,6231,6258,473,18318
"141",141,6259,6298,1190,18318
"142",142,6299,6336,1183,18333
"143",143,6337,6388,1289,18333
"144",144,6389,6416,600,18333
"145",145,6417,6462,1552,18333
"146",146,6463,6500,1087,18347
"147",147,6501,6574,1969,18347
"148",148,6575,6600,464,18347
"149",149,6601,6638,892,18347
"150",150,6639,6664,445,18347
"151",151,6665,6682,171,18348
"152",152,6683,6700,108,18348
"153",153,6701,6718,99,18348
"154",154,6719,6784,1558,18361
"155",155,6785,6814,327,18361
"156",156,6815,6872,1572,18361
"157",157,6873,6912,850,18361
"158",158,6913,6934,418,18368
"159",159,6935,6964,541,18368
"160",160,6965,6984,248,18368
"161",161,6985,7002,125,18368
"162",162,7003,7060,1378,18368
"163",163,7061,7118,1555,18368
"164",164,7119,7156,1172,18368
"165",165,7157,7216,1789,18368
"166",166,7217,7236,429,18375
"167",167,7237,7290,1191,18375
"168",168,7291,7316,305,18375
"169",169,7317,7350,787,18375
"170",170,7351,7368,64,18379
"171",171,7369,7386,73,18379
"172",172,7387,7436,937,18389
"173",173,7437,7484,1027,18389
"174",174,7485,7534,922,18389
"175",175,7535,7580,1543,18389
"176",176,7581,7624,1362,18389
"177",177,7625,7670,1107,18403
"178",178,7671,7708,1003,18403
"179",179,7709,7756,1002,18403
"180",180,7757,7806,1413,18403
"181",181,7807,7858,989,18403
"182",182,7859,7910,1937,18417
"183",183,7911,7946,943,18417
"184",184,7947,7976,606,18417
"185",185,7977,8019,1508,18417
"186",186,8020,8093,1690,18431
"187",187,8094,8133,921,18431
"188",188,8134,8205,1498,18431
"189",189,8206,8239,589,18431
"190",190,8240,8277,734,18431
"191",191,8278,8307,711,18431
"192",192,8308,8373,1720,18431
"193",193,8374,8391,101,18441
"194",194,8392,8419,464,18445
"195",195,8420,8465,1419,18445
"196",196,8466,8489,328,18445
"197",197,8490,8545,1271,18445
"198",198,8546,8587,1395,18445
"199",199,8588,8635,1126,18445
"200",200,8636,8691,1233,18445
"201",201,8692,8748,1233,18445
"202",202,8749,8794,966,18466
"203",203,8795,8818,244,18466
"204",204,8819,8837,393,18466
"205",205,8838,8859,288,18466
"206",206,8860,8905,831,18466
"207",207,8906,8927,457,18466
"208",208,8928,9017,2711,18466
"209",209,9018,9093,2048,18466
"210",210,9094,9117,310,18466
"211",211,9118,9157,725,18466
"212",212,9158,9197,860,18466
"213",213,9198,9231,659,18466
"214",214,9232,9265,533,18466
"215",215,9266,9315,1100,18466
"216",216,9316,9339,273,18466
"217",217,9340,9373,854,18466
"218",218,9374,9391,70,18470
"219",219,9392,9443,1350,18508
"220",220,9444,9515,1969,18508
"221",221,9516,9553,1233,18508
"222",222,9554,9603,1342,18508
"223",223,9604,9639,697,18508
"224",224,9640,9679,1222,18522
"225",225,9680,9733,1520,18522
"226",226,9734,9961,5925,18522
"227",227,9962,9999,1227,18522
"228",228,10000,10029,574,18522
"229",229,10030,10057,364,18522
"230",230,10058,10113,1544,18522
"231",231,10114,10169,719,18522
"232",232,10170,10201,620,18522
"233",233,10202,10227,512,18536
"234",234,10228,10249,210,18536
"235",235,10250,10269,268,18536
"236",236,10270,10309,813,18536
"237",237,10310,10367,1653,18536
"238",238,10368,10395,515,18536
"239",239,10396,10437,1081,18550
"240",240,10438,10465,265,18564
"241",241,10466,10499,897,18564
"242",242,10500,10523,249,18564
"243",243,10524,10583,1666,18564
"244",244,10584,10621,884,18564
"245",245,10622,10675,1653,18564
"246",246,10676,10729,1653,18564
"247",247,10730,10777,1251,18578
"248",248,10778,10853,2006,18578
"249",249,10854,10905,1132,18592
"250",250,10906,10959,1551,18592
"251",251,10960,10982,203,18592
"252",252,10983,11028,809,18592
"253",253,11029,11072,893,18592
"254",254,11073,11110,380,18606
"255",255,11111,11186,1592,18606
"256",256,11187,11238,1150,18606
"257",257,11239,11284,945,18620
"258",258,11285,11330,958,18620
"259",259,11331,11356,211,18268
"260",260,11357,11408,2032,18268
"261",261,11409,11432,254,18289
"262",262,11433,11520,2247,18289
"263",263,11521,11546,204,18289
"264",264,11547,11578,387,18289
"265",265,11579,11688,658,18289
"266",266,11689,11728,1121,18303
"267",267,11729,11778,1381,18317
"268",268,11779,11798,120,18331
"269",269,11799,11830,526,18345
"270",270,11831,11882,1524,18345
"271",271,11883,11904,174,18359
"272",272,11905,11972,1740,18373
"273",273,11973,12000,369,18373
"274",274,12001,12017,63,18373
"275",275,12018,12073,1340,18401
"276",276,12074,12119,1364,18401
"277",277,12120,12157,861,18401
"278",278,12158,12203,803,18415
"279",279,12204,12249,1525,18415
"280",280,12250,12281,820,18415
"281",281,12282,12351,2048,18429
"282",282,12352,12399,1349,18429
"283",283,12400,12449,1576,18429
"284",284,12450,12499,1522,18429
"285",285,12500,12537,859,18429
"286",286,12538,12585,1349,18429
"287",287,12586,12607,151,18429
"288",288,12608,12629,151,18429
"289",289,12630,12687,1477,18443
"290",290,12688,12737,1430,18443
"291",291,12738,12771,711,18443
"292",292,12772,12835,1135,18464
"293",293,12836,12894,1319,18464
"294",294,12895,12949,788,18464
"295",295,12950,13003,831,18464
"296",296,13004,13070,701,18464
"297",297,13071,13090,288,18464
"298",298,13091,13168,1145,18485
"299",299,13169,13192,183,18485
"300",300,13193,13238,1278,18485
"301",301,13239,13277,862,18485
"302",302,13278,13327,1762,18506
"303",303,13328,13397,1674,18520
"304",304,13398,13443,1215,18520
"305",305,13444,13487,786,18520
"306",306,13488,13515,425,18520
"307",307,13516,13575,2037,18534
"308",308,13576,13679,458,18534
"309",309,13680,13723,1245,18534
"310",310,13724,13795,1910,18548
"311",311,13796,13821,335,18548
"312",312,13822,13875,1258,18576
"313",313,13876,13967,2864,18590
"314",314,13968,14013,849,18590
"315",315,14014,14061,1331,18590
"316",316,14062,14089,450,18590
"317",317,14090,14107,51,18590
"318",318,14108,14183,3025,18590
"319",319,14184,14211,585,18590
"320",320,14212,14229,102,18590
"321",321,14230,14249,39,18590
"322",322,14250,14299,262,18604
"323",323,14300,14371,1443,18604
"324",324,14372,14409,844,18604
"325",325,14410,14441,700,18604
"326",326,14442,14469,485,18618
"327",327,14470,14509,123,18618
"328",328,14510,14563,1480,18618
"329",329,14564,14613,816,18618
"330",330,14614,14659,1296,18273
"331",331,14660,14685,299,18308
"332",332,14686,14711,272,18308
"333",333,14712,14789,1320,18323
"334",334,14790,14809,179,18337
"335",335,14810,14849,624,18337
"336",336,14850,14879,491,18351
"337",337,14880,14917,694,18351
"338",338,14918,14999,2312,18351
"339",339,15000,15035,678,18365
"340",340,15036,15057,268,18365
"341",341,15058,15095,827,18365
"342",342,15096,15135,756,18379
"343",343,15136,15186,1376,18393
"344",344,15187,15233,1561,18407
"345",345,15234,15284,1865,18407
"346",346,15285,15323,830,18421
"347",347,15324,15342,264,18435
"348",348,15343,15373,524,18435
"349",349,15374,15434,1647,18435
"350",350,15435,15481,965,18456
"351",351,15482,15558,1858,18456
"352",352,15559,15611,1095,18456
"353",353,15612,15656,1024,18456
"354",354,15657,15720,869,18477
"355",355,15721,15789,2662,18477
"356",356,15790,15831,649,18498
"357",357,15832,15903,1351,18512
"358",358,15904,15963,1100,18512
"359",359,15964,16004,998,18512
"360",360,16005,16039,576,18512
"361",361,16040,16086,1595,18512
"362",362,16087,16125,1034,18512
"363",363,16126,16160,942,18512
"364",364,16161,16199,834,18512
"365",365,16200,16250,1568,18526
"366",366,16251,16271,232,18526
"367",367,16272,16302,346,18526
"368",368,16303,16349,724,18526
"369",369,16350,16428,2309,18526
"370",370,16429,16465,1072,18526
"371",371,16466,16515,1297,18540
"372",372,16516,16559,1088,18540
"373",373,16560,16597,852,18540
"374",374,16598,16643,1237,18540
"375",375,16644,16698,785,18540
"376",376,16699,16732,784,18540
"377",377,16733,16764,457,18540
"378",378,16765,16822,1283,18540
"379",379,16823,16876,1527,18540
"380",380,16877,16940,1684,18540
"381",381,16941,16996,1539,18540
"382",382,16997,17023,188,18554
"383",383,17024,17067,939,18554
"384",384,17068,17139,1976,18554
"385",385,17140,17183,1332,18554
"386",386,17184,17227,937,18554
"387",387,17228,17264,826,18568
"388",388,17265,17318,944,18568
"389",389,17319,17344,449,18568
"390",390,17345,17384,754,18568
"391",391,17385,17440,1253,18582
"392",392,17441,17525,1368,18582
"393",393,17526,17577,1342,18582
"394",394,17578,17621,689,18582
"395",395,17622,17649,469,18582
"396",396,17650,17705,333,18582
"397",397,17706,17759,1865,18582
"398",398,17760,17823,1558,18582
"399",399,17824,17863,962,18584
"400",400,17864,17895,676,18596
"401",401,17896,17921,264,18596
"402",402,17922,17953,676,18596
"403",403,17954,18003,1159,18596
"404",404,18004,18061,1231,18596
"405",405,18062,18115,676,18610
"406",406,18116,18161,754,18610
"407",407,18162,18209,1401,18610
"408",408,18210,18313,2524,18610
"409",409,18314,18359,1195,18610
"410",410,18360,18413,1292,18610
"411",411,18414,18471,1483,18624
"412",412,18472,18507,696,18279
"413",413,18508,18553,815,18279
"414",414,18554,18623,1312,18279
"415",415,18624,18683,1535,18279
"416",416,18684,18765,2145,18279
"417",417,18766,18791,253,18300
"418",418,18792,18817,263,18300
"419",419,18818,18879,776,18300
"420",420,18880,18935,1790,18300
"421",421,18936,18979,1309,18322
"422",422,18980,19031,1389,18336
"423",423,19032,19081,1034,18336
"424",424,19082,19123,1252,18336
"425",425,19124,19153,364,18336
"426",426,19154,19197,1680,18340
"427",427,19198,19249,2510,18340
"428",428,19250,19301,1516,18340
"429",429,19302,19335,999,18364
"430",430,19336,19365,505,18364
"431",431,19366,19435,2670,18364
"432",432,19436,19483,1078,18392
"433",433,19484,19587,2787,18392
"434",434,19588,19621,180,18392
"435",435,19622,19715,513,18392
"436",436,19716,19761,1214,18392
"437",437,19762,19791,426,18392
"438",438,19792,19841,1124,18392
"439",439,19842,19903,1920,18392
"440",440,19904,19985,2875,18406
"441",441,19986,20031,645,18406
"442",442,20032,20121,2903,18420
"443",443,20122,20175,1553,18420
"444",444,20176,20221,646,18420
"445",445,20222,20285,1466,18420
"446",446,20286,20315,502,18420
"447",447,20316,20355,818,18441
"448",448,20356,20389,561,18462
"449",449,20390,20433,898,18462
"450",450,20434,20461,410,18462
"451",451,20462,20501,711,18462
"452",452,20502,20551,1300,18462
"453",453,20552,20603,1327,18462
"454",454,20604,20623,100,18475
"455",455,20624,20671,1171,18483
"456",456,20672,20717,1394,18483
"457",457,20718,20776,1413,18483
"458",458,20777,20864,2322,18483
"459",459,20865,20895,192,18518
"460",460,20896,20989,3551,18532
"461",461,20990,21017,301,18532
"462",462,21018,21047,406,18532
"463",463,21048,21107,762,18532
"464",464,21108,21147,967,18532
"465",465,21148,21181,764,18532
"466",466,21182,21255,1503,18532
"467",467,21256,21319,2224,18546
"468",468,21320,21369,1269,18546
"469",469,21370,21419,1135,18546
"470",470,21420,21473,1551,18546
"471",471,21474,21505,411,18560
"472",472,21506,21543,657,18574
"473",473,21544,21595,1147,18574
"474",474,21596,21627,505,18574
"475",475,21628,21679,1822,18574
"476",476,21680,21769,3507,18588
"477",477,21770,21817,1283,18588
"478",478,21818,21849,600,18602
"479",479,21850,21903,696,18602
"480",480,21904,21993,2378,18616
"481",481,21994,22047,1034,18616
"482",482,22048,22083,797,18616
"483",483,22084,22123,814,18616
"484",484,22124,22176,1270,18278
"485",485,22177,22210,600,18278
"486",486,22211,22276,1927,18306
"487",487,22277,22324,1007,18306
"488",488,22325,22386,2849,18306
"489",489,22387,22428,737,18306
"490",490,22429,22515,1439,18306
"491",491,22516,22549,590,18320
"492",492,22550,22591,820,18320
"493",493,22592,22659,1727,18320
"494",494,22660,22703,821,18335
"495",495,22704,22735,493,18335
"496",496,22736,22771,839,18349
"497",497,22772,22972,728,18349
"498",498,22973,23040,2608,18349
"499",499,23041,23156,3669,18349
"500",500,23157,23228,2075,18349
"501",501,23229,23292,1773,18349
"502",502,23293,23328,839,18349
"503",503,23329,23396,2608,18349
"504",504,23397,23512,3669,18349
"505",505,23513,23600,3329,18363
"506",506,23601,23680,2115,18363
"507",507,23681,23730,1090,18363
"508",508,23731,23776,933,18363
"509",509,23777,23831,1786,18391
"510",510,23832,23936,3386,18391
"511",511,23937,23990,1313,18391
"512",512,23991,24056,1598,18391
"513",513,24057,24116,2063,18405
"514",514,24117,24167,1168,18405
"515",515,24168,24233,1858,18419
"516",516,24234,24305,2380,18419
"517",517,24306,24365,2063,18419
"518",518,24366,24398,538,18440
"519",519,24399,24488,3093,18440
"520",520,24489,24532,453,18441
"521",521,24533,24661,3753,18461
"522",522,24662,24729,1425,18482
"523",523,24730,24756,395,18482
"524",524,24757,24819,1567,18482
"525",525,24820,24879,1405,18482
"526",526,24880,24919,763,18496
"527",527,24920,24967,851,18517
"528",528,24968,24993,317,18517
"529",529,24994,25035,1017,18517
"530",530,25036,25077,801,18517
"531",531,25078,25150,4062,18531
"532",532,25151,25215,1415,18531
"533",533,25216,25238,324,18531
"534",534,25239,25279,1178,18531
"535",535,25280,25331,1285,18545
"536",536,25332,25411,2495,18559
"537",537,25412,25445,794,18573
"538",538,25446,25515,1765,18587
"539",539,25516,25609,3025,18587
"540",540,25610,25672,1435,18601
"541",541,25673,25725,299,18601
"542",542,25726,25763,642,18601
"543",543,25764,25826,1507,18601
"544",544,25827,25894,2059,18601
"545",545,25895,25939,1267,18601
"546",546,25940,25995,1455,18277
"547",547,25996,26056,2218,18277
"548",548,26057,26114,1250,18277
"549",549,26115,26174,1576,18305
"550",550,26175,26212,1227,18305
"551",551,26213,26252,752,18305
"552",552,26253,26271,137,18322
"553",553,26272,26303,393,18333
"554",554,26304,26355,1358,18333
"555",555,26356,26427,1472,18333
"556",556,26428,26515,2300,18333
"557",557,26516,26549,775,18333
"558",558,26550,26587,1053,18333
"559",559,26588,26635,837,18333
"560",560,26636,26707,1146,18333
"561",561,26708,26789,564,18347
"562",562,26790,26905,815,18347
"563",563,26906,27021,718,18347
"564",564,27022,27059,864,18347
"565",565,27060,27273,1478,18347
"566",566,27274,27447,1379,18347
"567",567,27448,27505,1498,18347
"568",568,27506,27719,1406,18347
"569",569,27720,27773,1368,18361
"570",570,27774,27803,338,18361
"571",571,27804,27845,1065,18375
"572",572,27846,27865,109,18382
"573",573,27866,27909,726,18389
"574",574,27910,28265,889,18389
"575",575,28266,28287,260,18417
"576",576,28288,28337,1383,18417
"577",577,28338,28393,1111,18417
"578",578,28394,28823,3351,18417
"579",579,28824,28875,799,18459
"580",580,28876,28921,1029,18459
"581",581,28922,29377,2971,18459
"582",582,29378,29413,560,18459
"583",583,29414,29451,694,18480
"584",584,29452,29501,1511,18515
"585",585,29502,30577,4666,18550
"586",586,30578,30609,454,18550
"587",587,30610,30631,241,18550
"588",588,30632,30699,1394,18550
"589",589,30700,30755,1275,18550
"590",590,30756,30823,2608,18571
"591",591,30824,32117,9672,18571
"592",592,32118,32171,1345,18571
"593",593,32172,32209,695,18606
"594",594,32210,32271,1670,18303
"595",595,32272,32795,8248,18325
"596",596,32796,32849,2021,18367
"597",597,32850,32883,571,18367
"598",598,32884,32942,656,18402
"599",599,32943,33038,2070,18423
"600",600,33039,33066,410,18486
"601",601,33067,33090,283,18486
"602",602,33091,33118,291,18486
"603",603,33119,33204,1575,18486
"604",604,33205,33732,2897,18486
"605",605,33733,33796,2063,18507
"606",606,33797,34526,4584,18507
"607",607,34527,34550,301,18507
"608",608,34551,34622,1551,18542
"609",609,34623,34654,610,18542
"610",610,34655,34712,1680,18542
"611",611,34713,34744,512,18563
"612",612,34745,34776,482,18563
"613",613,34777,35970,7021,18563
"614",614,35971,36018,1312,18563
"615",615,36019,36052,527,18563
"616",616,36053,36086,629,18563
"617",617,36087,36148,1432,18563
"618",618,36149,36198,1469,18563
"619",619,36199,36224,390,18563
"620",620,36225,36274,1110,18584
"621",621,36275,37330,8200,18584
"622",622,37331,37470,2050,18598
"623",623,37471,38046,3544,18598
"624",624,38047,38092,1249,18598
"625",625,38093,38138,1161,18598
"626",626,38139,38158,312,18598
"627",627,38159,38201,904,18608
"628",628,38202,38244,904,18608
"629",629,38245,38271,494,18609
"630",630,38272,38314,905,18609
"631",631,38315,38345,457,18613
"632",632,38346,38372,388,18614
"633",633,38373,38407,902,18615
"634",634,38408,38438,492,18616
"635",635,38439,38469,385,18618
"636",636,38470,38504,1288,18620
"637",637,38505,38533,286,18622
"638",638,38534,38558,381,18263
"639",639,38559,38583,297,18263
"640",640,38584,38630,1441,18266
"641",641,38631,38659,281,18267
"642",642,38660,38682,197,18267
"643",643,38683,38901,484,18268
"644",644,38902,38930,222,18268
"645",645,38931,39147,413,18268
"646",646,39148,39290,3745,18269
"647",647,39291,39321,640,18269
"648",648,39322,39354,500,18271
"649",649,39355,39377,153,18273
"650",650,39378,39402,175,18274
"651",651,39403,39455,1246,18276
"652",652,39456,39492,738,18276
"653",653,39493,39519,409,18278
"654",654,39520,39558,1625,18279
"655",655,39559,39583,247,18279
"656",656,39584,39637,1320,18281
"657",657,39638,39695,976,18281
"658",658,39696,39719,388,18281
"659",659,39720,39742,231,18287
"660",660,39743,39763,164,18287
"661",661,39764,39808,921,18287
"662",662,39809,39835,355,18287
"663",663,39836,39862,239,18289
"664",664,39863,39899,498,18290
"665",665,39900,39922,109,18291
"666",666,39923,39945,179,18291
"667",667,39946,40002,1202,18295
"668",668,40003,40029,382,18295
"669",669,40030,40054,222,18295
"670",670,40055,40087,644,18298
"671",671,40088,40130,912,18302
"672",672,40131,40164,448,18302
"673",673,40165,40189,632,18303
"674",674,40190,40222,393,18304
"675",675,40223,40251,940,18313
"676",676,40252,40280,769,18313
"677",677,40281,40305,368,18313
"678",678,40306,40328,231,18317
"679",679,40329,40351,207,18317
"680",680,40352,40374,175,18317
"681",681,40375,40399,522,18320
"682",682,40400,40426,304,18320
"683",683,40427,40467,936,18325
"684",684,40468,40496,309,18330
"685",685,40497,40557,1061,18331
"686",686,40558,40580,161,18331
"687",687,40581,40607,621,18331
"688",688,40608,40650,790,18331
"689",689,40651,40677,220,18333
"690",690,40678,40708,657,18333
"691",691,40709,40741,877,18334
"692",692,40742,40768,387,18335
"693",693,40769,40795,337,18335
"694",694,40796,40820,306,18336
"695",695,40821,40845,244,18336
"696",696,40846,40872,321,18337
"697",697,40873,40905,342,18337
"698",698,40906,40972,1576,18337
"699",699,40973,41007,100,18338
"700",700,41008,41062,926,18338
"701",701,41063,41159,1298,18340
"702",702,41160,41186,227,18340
"703",703,41187,41217,249,18340
"704",704,41218,41244,279,18340
"705",705,41245,41287,679,18341
"706",706,41288,41316,271,18341
"707",707,41317,41367,1158,18341
"708",708,41368,41392,583,18342
"709",709,41393,41423,491,18342
"710",710,41424,41456,658,18342
"711",711,41457,41487,649,18342
"712",712,41488,41518,369,18343
"713",713,41519,41688,494,18345
"714",714,41689,41729,644,18345
"715",715,41730,41756,284,18352
"716",716,41757,41793,733,18352
"717",717,41794,41832,1885,18353
"718",718,41833,41859,720,18353
"719",719,41860,41888,423,18353
"720",720,41889,41931,747,18353
"721",721,41932,41966,274,18354
"722",722,41967,42001,1127,18355
"723",723,42002,42040,609,18355
"724",724,42041,42055,29,18356
"725",725,42056,42084,320,18356
"726",726,42085,42113,403,18358
"727",727,42114,42136,136,18359
"728",728,42137,42169,677,18359
"729",729,42170,42200,311,18360
"730",730,42201,42233,750,18360
"731",731,42234,42258,194,18364
"732",732,42259,42297,481,18365
"733",733,42298,42326,237,18365
"734",734,42327,42382,1576,18366
"735",735,42383,42430,1486,18366
"736",736,42431,42492,1222,18387
"737",737,42493,42536,1341,18429
"738",738,42537,42576,656,18429
"739",739,42577,42604,333,18429
"740",740,42605,47088,11759,18429
"741",741,47089,47103,69,18454
"742",742,47104,47118,69,18458
"743",743,47119,47133,66,18458
"744",744,47134,47513,4778,18464
"745",745,47514,47528,71,18464
"746",746,47529,47543,66,18464
"747",747,47544,47558,72,18467
"748",748,47559,47573,73,18467
"749",749,47574,47588,66,18471
"750",750,47589,47603,67,18475
"751",751,47604,47618,74,18476
"752",752,47619,47633,76,18479
"753",753,47634,47648,71,18479
"754",754,47649,47732,1397,18492
"755",755,47733,48232,2571,18492
"756",756,48233,48280,805,18492
"757",757,48281,48295,64,18493
"758",758,48296,48310,71,18494
"759",759,48311,48325,29,18494
"760",760,48326,48340,70,18494
"761",761,48341,48355,72,18495
"762",762,48356,48370,74,18495
"763",763,48371,48385,64,18496
"764",764,48386,48400,72,18497
"765",765,48401,48415,69,18498
"766",766,48416,48430,69,18498
"767",767,48431,48445,71,18500
"768",768,48446,48460,71,18500
"769",769,48461,48475,66,18502
"770",770,48476,48490,72,18502
"771",771,48491,48505,66,18505
"772",772,48506,48520,64,18512
"773",773,48521,48606,1889,18513
"774",774,48607,48676,1701,18513
"775",775,48677,49238,4180,18513
"776",776,49239,49266,443,18513
"777",777,49267,49340,2353,18513
"778",778,49341,49355,33,18524
"779",779,49356,49370,75,18527
"780",780,49371,49385,69,18535
"781",781,49386,49400,68,18544
"782",782,49401,49422,208,18555
"783",783,49423,49437,25,18562
"784",784,49438,49452,69,18563
"785",785,49453,49467,71,18564
"786",786,49468,49482,67,18568
"787",787,49483,49497,66,18568
"788",788,49498,50749,9339,18569
"789",789,50750,50781,491,18569
"790",790,50782,50813,572,18569
"791",791,50814,50828,74,18576
"792",792,50829,50843,69,18578
"793",793,50844,50858,81,18578
"794",794,50859,50873,69,18582
"795",795,50874,50888,73,18583
"796",796,50889,50903,69,18584
"797",797,50904,50930,321,18585
"798",798,50931,50957,221,18596
"799",799,50958,50994,725,18597
"800",800,50995,51021,255,18597
"801",801,51022,51042,304,18599
"802",802,51043,51105,1441,18599
"803",803,51106,51156,1047,18599
"804",804,51157,51185,199,18604
"805",805,51186,51214,206,18604
"806",806,51215,51243,176,18604
"807",807,51244,51286,156,18605
"808",808,51287,51311,166,18607
"809",809,51312,51368,1667,18609
"810",810,51369,51438,1547,18611
"811",811,51439,51463,360,18611
"812",812,51464,51498,602,18611
"813",813,51499,51527,417,18613
"814",814,51528,51556,580,18613
"815",815,51557,51593,616,18614
"816",816,51594,51616,417,18615
"817",817,51617,51651,813,18618
"818",818,51652,51682,694,18618
"819",819,51683,51709,583,18618
"820",820,51710,51738,393,18618
"821",821,51739,51765,492,18262
"822",822,51766,51790,219,18273
"823",823,51791,51819,248,18273
"824",824,51820,51848,431,18276
"825",825,51849,51887,998,18277
"826",826,51888,51914,228,18279
"827",827,51915,51940,428,18280
"828",828,51941,52476,3883,18280
"829",829,52477,52523,1337,18281
"830",830,52524,52544,264,18282
"831",831,52545,52761,531,18282
"832",832,52762,52978,506,18282
"833",833,52979,53009,241,18282
"834",834,53010,53038,250,18283
"835",835,53039,53067,265,18283
"836",836,53068,53092,373,18287
"837",837,53093,53121,268,18287
"838",838,53122,53144,152,18289
"839",839,53145,53173,252,18289
"840",840,53174,53198,394,18289
"841",841,53199,53267,1058,18290
"842",842,53268,53298,409,18290
"843",843,53299,53329,591,18291
"844",844,53330,53358,304,18292
"845",845,53359,53395,581,18293
"846",846,53396,53422,186,18294
"847",847,53423,53453,329,18294
"848",848,53454,53484,324,18296
"849",849,53485,53513,236,18299
"850",850,53514,53538,155,18300
"851",851,53539,53561,177,18300
"852",852,53562,53621,1789,18301
"853",853,53622,53685,1356,18301
"854",854,53686,53708,150,18301
"855",855,53709,53735,329,18301
"856",856,53736,53768,482,18301
"857",857,53769,53793,346,18301
"858",858,53794,53820,591,18302
"859",859,53821,53849,679,18305
"860",860,53850,53884,408,18310
"861",861,53885,53923,809,18313
"862",862,53924,53970,1814,18314
"863",863,53971,53999,287,18317
"864",864,54000,54032,260,18318
"865",865,54033,54108,1602,18323
"866",866,54109,54132,376,18323
"867",867,54133,54184,1183,18323
"868",868,54185,54332,1062,18323
"869",869,54333,54385,1017,18323
"870",870,54386,54412,422,18323
"871",871,54413,54441,218,18324
"872",872,54442,54470,268,18324
"873",873,54471,54489,239,18325
"874",874,54490,54520,486,18325
"875",875,54521,54565,942,18325
"876",876,54566,54608,1043,18326
"877",877,54609,54671,410,18326
"878",878,54672,54704,302,18326
"879",879,54705,54733,548,18326
"880",880,54734,54760,195,18326
"881",881,54761,54797,747,18326
"882",882,54798,55240,755,18327
"883",883,55241,55287,842,18327
"884",884,55288,55316,227,18330
"885",885,55317,55355,914,18332
"886",886,55356,55386,272,18334
"887",887,55387,55415,333,18335
"888",888,55416,55446,293,18335
"889",889,55447,55475,231,18338
"890",890,55476,55520,771,18338
"891",891,55521,55579,1372,18338
"892",892,55580,55612,331,18339
"893",893,55613,55665,710,18339
"894",894,55666,55690,171,18339
"895",895,55691,55723,575,18339
"896",896,55724,55752,290,18339
"897",897,55753,55779,191,18339
"898",898,55780,55812,736,18340
"899",899,55813,55841,256,18340
"900",900,55842,55872,317,18340
"901",901,55873,55903,498,18341
"902",902,55904,55928,221,18341
"903",903,55929,55963,420,18341
"904",904,55964,55990,305,18343
"905",905,55991,56017,180,18343
"906",906,56018,56042,240,18343
"907",907,56043,56100,408,18344
"908",908,56101,56176,1590,18344
"909",909,56177,56193,496,18344
"910",910,56194,56220,284,18345
"911",911,56221,56247,180,18345
"912",912,56248,56274,227,18345
"913",913,56275,56303,229,18345
"914",914,56304,56330,240,18346
"915",915,56331,56357,231,18347
"916",916,56358,56384,201,18347
"917",917,56385,56409,208,18347
"918",918,56410,56478,1072,18347
"919",919,56479,56519,655,18347
"920",920,56520,56542,132,18348
"921",921,56543,56567,148,18350
"922",922,56568,56594,183,18350
"923",923,56595,56623,256,18350
"924",924,56624,56648,202,18350
"925",925,56649,56683,990,18351
"926",926,56684,56712,354,18352
"927",927,56713,56743,408,18352
"928",928,56744,56772,303,18352
"929",929,56773,56807,649,18353
"930",930,56808,56834,517,18353
"931",931,56835,56859,167,18354
"932",932,56860,56884,180,18355
"933",933,56885,56911,191,18355
"934",934,56912,56938,393,18360
"935",935,56939,56979,610,18361
"936",936,56980,57017,199,18365
"937",937,57018,57050,684,18365
"938",938,57051,57077,200,18365
"939",939,57078,57100,119,18365
"940",940,57101,57127,190,18365
"941",941,57128,57162,672,18366
"942",942,57163,57217,2174,18366
"943",943,57218,57262,1483,18366
"944",944,57263,57291,212,18367
"945",945,57292,57324,783,18367
"946",946,57325,57369,1046,18369
"947",947,57370,57658,5687,18369
"948",948,57659,57681,460,18372
"949",949,57682,57704,246,18373
"950",950,57705,57739,594,18373
"951",951,57740,57774,300,18373
"952",952,57775,57805,297,18374
"953",953,57806,57830,269,18375
"954",954,57831,57859,254,18375
"955",955,57860,57896,597,18376
"956",956,57897,57921,226,18378
"957",957,57922,57946,238,18378
"958",958,57947,57967,186,18379
"959",959,57968,57994,204,18379
"960",960,57995,58037,686,18379
"961",961,58038,58062,187,18380
"962",962,58063,58089,177,18384
"963",963,58090,58112,274,18384
"964",964,58113,58166,1500,18386
"965",965,58167,58200,561,18386
"966",966,58201,58292,2959,18386
"967",967,58293,58315,227,18386
"968",968,58316,58340,294,18386
"969",969,58341,58363,188,18386
"970",970,58364,58386,212,18386
"971",971,58387,58450,1425,18386
"972",972,58451,58505,532,18387
"973",973,58506,58532,223,18387
"974",974,58533,58555,181,18387
"975",975,58556,58598,389,18388
"976",976,58599,58663,575,18388
"977",977,58664,58694,358,18389
"978",978,58695,58725,355,18389
"979",979,58726,58752,209,18389
"980",980,58753,58783,384,18389
"981",981,58784,58810,211,18389
"982",982,58811,58839,365,18390
"983",983,58840,58870,331,18391
"984",984,58871,58895,233,18393
"985",985,58896,58924,279,18393
"986",986,58925,58951,185,18394
"987",987,58952,58976,280,18394
"988",988,58977,58999,210,18394
"989",989,59000,59024,201,18394
"990",990,59025,59051,207,18394
"991",991,59052,59088,690,18394
"992",992,59089,59115,148,18394
"993",993,59116,59140,140,18395
"994",994,59141,59165,144,18395
"995",995,59166,59194,296,18395
"996",996,59195,59237,777,18395
"997",997,59238,59266,445,18396
"998",998,59267,59293,232,18397
"999",999,59294,59316,206,18399
"1000",1000,59317,59345,315,18399
"1001",1001,59346,59376,365,18400
"1002",1002,59377,59407,370,18400
"1003",1003,59408,59432,284,18402
"1004",1004,59433,59489,848,18402
"1005",1005,59490,59518,708,18402
"1006",1006,59519,59558,305,18402
"1007",1007,59559,59587,191,18403
"1008",1008,59588,59616,408,18403
"1009",1009,59617,59639,539,18403
"1010",1010,59640,59666,495,18403
"1011",1011,59667,59697,459,18403
"1012",1012,59698,59742,440,18407
"1013",1013,59743,59767,238,18408
"1014",1014,59768,59804,687,18410
"1015",1015,59805,59829,214,18411
"1016",1016,59830,59856,516,18415
"1017",1017,59857,59879,404,18415
"1018",1018,59880,59908,272,18416
"1019",1019,59909,59931,156,18417
"1020",1020,59932,59958,241,18417
"1021",1021,59959,59997,689,18421
"1022",1022,59998,60056,943,18421
"1023",1023,60057,60113,1232,18422
"1024",1024,60114,60138,638,18422
"1025",1025,60139,60175,375,18423
"1026",1026,60176,60204,442,18423
"1027",1027,60205,60489,4423,18425
"1028",1028,60490,60519,503,18428
"1029",1029,60520,60577,1303,18428
"1030",1030,60578,60709,2730,18428
"1031",1031,60710,60732,343,18428
"1032",1032,60733,60763,857,18430
"1033",1033,60764,60822,1256,18431
"1034",1034,60823,60857,351,18432
"1035",1035,60858,60884,443,18432
"1036",1036,60885,60931,927,18437
"1037",1037,60932,60964,767,18437
"1038",1038,60965,61021,1500,18437
"1039",1039,61022,61048,466,18437
"1040",1040,61049,61079,219,18438
"1041",1041,61080,61106,311,18439
"1042",1042,61107,61147,1233,18442
"1043",1043,61148,61178,369,18442
"1044",1044,61179,61213,534,18442
"1045",1045,61214,61244,554,18444
"1046",1046,61245,61273,297,18445
"1047",1047,61274,61300,426,18445
"1048",1048,61301,61341,685,18445
"1049",1049,61342,61390,1148,18447
"1050",1050,61391,61419,254,18448
"1051",1051,61420,61440,228,18448
"1052",1052,61441,61473,634,18449
"1053",1053,61474,61502,596,18450
"1054",1054,61503,61571,1424,18450
"1055",1055,61572,61602,359,18451
"1056",1056,61603,61633,585,18451
"1057",1057,61634,61660,434,18451
"1058",1058,61661,61689,321,18455
"1059",1059,61690,61716,280,18455
"1060",1060,61717,61759,722,18456
"1061",1061,61760,61792,376,18456
"1062",1062,61793,61823,531,18456
"1063",1063,61824,61858,976,18456
"1064",1064,61859,61905,1033,18457
"1065",1065,61906,61938,563,18457
"1066",1066,61939,61963,245,18459
"1067",1067,61964,62051,1865,18463
"1068",1068,62052,62078,153,18464
"1069",1069,62079,62111,337,18464
"1070",1070,62112,62138,444,18465
"1071",1071,62139,62167,610,18466
"1072",1072,62168,62198,352,18466
"1073",1073,62199,62221,371,18467
"1074",1074,62222,62276,1168,18470
"1075",1075,62277,62305,366,18470
"1076",1076,62306,62350,819,18470
"1077",1077,62351,62379,467,18470
"1078",1078,62380,62502,373,18471
"1079",1079,62503,62533,234,18471
"1080",1080,62534,62558,293,18475
"1081",1081,62559,62587,461,18476
"1082",1082,62588,62612,267,18476
"1083",1083,62613,62639,314,18476
"1084",1084,62640,62672,635,18477
"1085",1085,62673,62693,209,18478
"1086",1086,62694,62718,194,18480
"1087",1087,62719,62745,239,18480
"1088",1088,62746,62772,377,18483
"1089",1089,62773,62797,193,18484
"1090",1090,62798,62826,339,18484
"1091",1091,62827,62851,214,18485
"1092",1092,62852,62878,399,18485
"1093",1093,62879,62907,219,18486
"1094",1094,62908,62934,309,18490
"1095",1095,62935,62970,683,18491
"1096",1096,62971,63038,1446,18491
"1097",1097,63039,63063,186,18491
"1098",1098,63064,63098,613,18491
"1099",1099,63099,63127,336,18491
"1100",1100,63128,63160,838,18493
"1101",1101,63161,63210,697,18493
"1102",1102,63211,63266,876,18493
"1103",1103,63267,63313,920,18493
"1104",1104,63314,63364,420,18493
"1105",1105,63365,63400,226,18494
"1106",1106,63401,63446,468,18494
"1107",1107,63447,63499,482,18495
"1108",1108,63500,63538,535,18495
"1109",1109,63539,63580,320,18496
"1110",1110,63581,63620,144,18497
"1111",1111,63621,63656,185,18497
"1112",1112,63657,63694,281,18497
"1113",1113,63695,63736,193,18497
"1114",1114,63737,63770,268,18497
"1115",1115,63771,63816,354,18497
"1116",1116,63817,63880,1228,18498
"1117",1117,63881,63919,263,18498
"1118",1118,63920,64001,1616,18498
"1119",1119,64002,64063,818,18498
"1120",1120,64064,64110,434,18499
"1121",1121,64111,64166,843,18499
"1122",1122,64167,64455,3029,18500
"1123",1123,64456,64499,196,18501
"1124",1124,64500,64545,297,18501
"1125",1125,64546,64589,290,18502
"1126",1126,64590,64651,655,18502
"1127",1127,64652,64693,306,18502
"1128",1128,64694,64741,717,18504
"1129",1129,64742,64803,1316,18505
"1130",1130,64804,64853,580,18506
"1131",1131,64854,64902,445,18506
"1132",1132,64903,64976,1462,18509
"1133",1133,64977,65022,566,18509
"1134",1134,65023,65099,1995,18512
"1135",1135,65100,65168,1065,18512
"1136",1136,65169,65217,642,18513
"1137",1137,65218,65266,343,18514
"1138",1138,65267,65330,1374,18519
"1139",1139,65331,65404,1277,18521
"1140",1140,65405,65474,430,18522
"1141",1141,65475,65537,916,18526
"1142",1142,65538,65582,434,18528
"1143",1143,65583,65629,426,18528
"1144",1144,65630,65735,1171,18528
"1145",1145,65736,65796,734,18530
"1146",1146,65797,65869,1040,18530
"1147",1147,65870,65911,352,18533
"1148",1148,65912,65958,561,18533
"1149",1149,65959,66018,419,18534
"1150",1150,66019,66062,270,18535
"1151",1151,66063,66102,149,18536
"1152",1152,66103,66158,852,18537
"1153",1153,66159,66218,668,18541
"1154",1154,66219,66269,371,18541
"1155",1155,66270,66345,1327,18542
"1156",1156,66346,66422,2030,18542
"1157",1157,66423,70329,39281,18542
"1158",1158,70330,70419,942,18543
"1159",1159,70420,70469,769,18547
"1160",1160,70470,70519,695,18550
"1161",1161,70520,70630,1099,18554
"1162",1162,70631,70692,1441,18554
"1163",1163,70693,70735,386,18554
"1164",1164,70736,71015,1862,18554
"1165",1165,71016,71122,542,18555
"1166",1166,71123,71179,676,18556
"1167",1167,71180,71240,517,18557
"1168",1168,71241,71293,408,18557
"1169",1169,71294,71388,1223,18558
"1170",1170,71389,71440,505,18558
"1171",1171,71441,71499,855,18558
"1172",1172,71500,71576,462,18560
"1173",1173,71577,71668,1034,18561
"1174",1174,71669,71778,666,18563
"1175",1175,71779,71862,459,18566
"1176",1176,71863,71970,946,18568
"1177",1177,71971,72064,862,18569
"1178",1178,72065,72112,238,18569
"1179",1179,72113,72175,513,18570
"1180",1180,72176,72248,509,18570
"1181",1181,72249,72301,521,18570
"1182",1182,72302,72349,413,18570
"1183",1183,72350,72415,236,18571
"1184",1184,72416,72483,201,18571
"1185",1185,72484,72537,413,18572
"1186",1186,72538,72635,241,18576
"1187",1187,72636,72690,1146,18577
"1188",1188,72691,72750,202,18577
"1189",1189,72751,72856,428,18579
"1190",1190,72857,72906,346,18581
"1191",1191,72907,72986,218,18582
"1192",1192,72987,73089,2573,18583
"1193",1193,73090,73130,186,18584
"1194",1194,73131,73203,688,18585
"1195",1195,73204,73247,240,18586
"1196",1196,73248,73319,1812,18588
"1197",1197,73320,73376,705,18589
"1198",1198,73377,73450,1667,18589
"1199",1199,73451,73530,1258,18590
"1200",1200,73531,73583,298,18591
"1201",1201,73584,73627,208,18591
"1202",1202,73628,73674,372,18596
"1203",1203,73675,73736,434,18598
"1204",1204,73737,73838,943,18599
"1205",1205,73839,73918,546,18605
"1206",1206,73919,74020,2414,18610
"1207",1207,74021,74121,2655,18610
"1208",1208,74122,74158,429,18610
"1209",1209,74159,74207,485,18610
"1210",1210,74208,74247,384,18610
"1211",1211,74248,74297,647,18610
"1212",1212,74298,74380,798,18613
"1213",1213,74381,74418,263,18613
"1214",1214,74419,74460,375,18613
"1215",1215,74461,74511,270,18613
"1216",1216,74512,74552,345,18613
"1217",1217,74553,74608,907,18615
"1218",1218,74609,74672,297,18621
"1219",1219,74673,74716,299,18622
"1220",1220,74717,74777,244,18262
